index,songName,artist,moodID,spotifyID,danceability,energy,key,loudness,mode,speechiness,acousticness,instrumentalness,liveness,valence,tempo
0,Till I Collapse,Eminem,1,4xkOaSrkexMciUUogZKVTS,0.548,0.847,1,-3.237,1,0.186,0.0622,0,0.0816,0.1,171.447
1,25 To Life,Eminem,1,0dyWQoMOU9oERL6c9vxtRp,0.701,0.931,8,-0.945,0,0.243,0.239,0,0.194,0.362,79.996
2,A Century Ends,David Gray,1,4YYhPItcnkXI9XATrG4zQP,0.332,0.765,9,-8.251,1,0.0283,0.00144,0.000782,0.0463,0.69,168.361
3,ANIC,Sum 41,1,4DmIFrAIzohkghiYyihA15,0.551,0.891,11,-5.766,0,0.366,0.000255,4.40E-05,0.181,0.463,100.396
4,Rain Man,Eminem,1,2AuU35arXZdYoscOIxHWSc,0.836,0.494,9,-3.506,0,0.253,0.0968,0,0.078,0.456,88.04
5,Reason to Believe,Sum 41,1,4DJVmSP42li51r1C8zhURQ,0.238,0.717,5,-6.462,1,0.0852,0.00661,0,0.11,0.0627,174.448
6,Requiem,Lamb of God,1,0DxYrFOfiFShTbO2XdFpBX,0.284,0.99,2,-2.981,1,0.128,5.63E-05,0.00206,0.135,0.166,122.95
7,Rid Of Me,Pj Harvey,1,3m2Zd230K68bC4Qe961d9p,0.715,0.0885,9,-20.682,0,0.0521,0.00485,0.00694,0.155,0.544,125.383
8,Ride The Lightning,Metallica,1,36DLF96pjKydN0MZtsahQz,0.265,0.973,9,-6.129,1,0.173,5.15E-05,0.0942,0.205,0.27,148.506
10,Rootless Tree,Damien Rice,1,3tg6d7ykVICcYCn5Dd5V1c,0.475,0.691,11,-6.96,1,0.0326,0.348,0.0118,0.107,0.347,83.483
11,Rush,Talib Kweli,1,4nBGDP58Bv2SuI9GRL3a7q,0.665,0.923,6,-4.761,0,0.192,0.168,0,0.0462,0.772,98.036
12,Screaming For Vengeance,Judas Priest,1,5xmmAlr7JqT53WqacPRhLA,0.375,0.976,9,-5.498,1,0.0895,0.0118,3.46E-06,0.527,0.208,112.813
14,Sermon,Drowning Pool,1,4oNqHXaoXGU0ABoD3uMxy1,0.545,0.876,5,-5.232,1,0.0395,0.000107,0.00606,0.218,0.392,105.9
15,Shade Of Blue,Black Rebel Motorcycle Club,1,4IrF50fbjzaeVPOVzaDoEY,0.274,0.86,7,-4.323,1,0.0569,0.264,0.189,0.115,0.607,175.064
16,Shitlist,L7,1,7fxpqs4G8vj3rFYbJnsG7w,0.419,0.916,1,-8.373,1,0.0604,9.20E-06,0.194,0.0751,0.496,128.98
17,Sick,Adelitas Way,1,7q3vcf5XpYU6Y1iX4ZzHAk,0.51,0.881,5,-3.718,0,0.0332,0.00839,0,0.122,0.385,100.002
18,Skinny Little Bitch,Hole,1,2TxYbRGmKGbVnSFRWlp1Qx,0.494,0.969,11,-3.695,1,0.144,1.54E-05,0.00261,0.363,0.476,126.013
19,Skinnyman,Static-X,1,6doZryBQYC5hQJdx1lyc2W,0.58,0.959,1,-5.594,1,0.0494,0.00126,0.233,0.131,0.817,91.421
20,So Bad,Eminem,1,5Ve4qBYAThGLTOva0hhoTa,0.773,0.811,1,0.496,1,0.0882,0.304,0,0.174,0.774,81.037
21,Somebody,Blue October,1,6WubPMpV2pABM8Q1BPdS5a,0.545,0.941,9,-4.709,1,0.101,0.000193,0.000108,0.137,0.506,115.067
22,Something Told Me,Coal Chamber,1,6VghB1jVqUGZqQQJDr3NOU,0.566,0.978,2,-4.2,1,0.068,0.0168,1.42E-05,0.303,0.376,113.224
23,Somewhat Damaged,Nine Inch Nails,1,0yUyPe5c1o5cCyV7aJkz6F,0.684,0.75,0,-7.651,0,0.0457,0.00113,0.201,0.204,0.353,110.028
24,South Of Heaven,Slayer,1,1f2nJKg780VxYIveVq6Xej,0.314,0.991,5,-3.867,0,0.318,0.000155,0.0477,0.0968,0.0395,138.975
25,Sowing Season,Brand New,1,5CyzIHM2IRSLz2Ke9hWwjz,0.475,0.703,4,-4.135,0,0.0393,0.00946,0.0911,0.203,0.203,114.297
26,Space Bound,Eminem,1,0sHW1jXe6Sou3437gJQNGA,0.668,0.886,0,-3.474,1,0.117,0.0417,0,0.459,0.503,142.002
27,Spaceship,Kanye West,1,1ko2NuvWlQdxtNRc8QQzmT,0.507,0.753,5,-5.31,0,0.19,0.503,0,0.573,0.657,178.068
28,Spade,Marilyn Manson,1,0psAHa14RKKmY8QUbg4Rhj,0.539,0.858,6,-5.872,0,0.0702,0.000228,0.00257,0.105,0.256,120.117
29,St. Anger,Metallica,1,3fOc9x06lKJBhz435mInlH,0.249,0.949,2,-2.642,0,0.0678,0.00131,0.0228,0.0953,0.498,185.252
30,Stan,Eminem,1,3UmaczJpikHgJFyBTAJVoz,0.78,0.768,6,-4.325,0,0.238,0.0371,2.34E-06,0.518,0.507,80.063
31,"Starfuckers, Inc.",Nine Inch Nails,1,5RxKqRKJva5ZcVa0ltdxuX,0.488,0.944,11,-6.076,0,0.0635,0.000281,0.601,0.496,0.3,146
32,Stationary Stationery,Anberlin,1,0WKril4ZJgpbwxlqvvPfOl,0.427,0.713,1,-11.451,1,0.0369,0.00218,0,0.0971,0.796,172.574
33,Stay Away,Nirvana,1,4l012k8ZcAdVbUvZ4kae5Q,0.367,0.981,11,-5.1,0,0.128,5.39E-06,0.0461,0.0822,0.205,165.21
34,sum 41,skumfuk,1,0SQWxG33k9aRva3V3V9b66,0.176,0.668,4,-6.865,0,0.089,0.0189,0.00023,0.339,0.12,176.027
35,Summer Cannibals,Patti Smith,1,4DYuuaIJ05vMp1FaISwkyn,0.561,0.871,9,-6.182,0,0.213,0.0359,1.28E-05,0.207,0.557,147.009
36,Surviving The Times,Nas,1,0BI9BYPVtp65GqNkVCl6tS,0.751,0.599,11,-8.183,0,0.336,0.0387,0.000236,0.426,0.353,95.702
37,Sweet Amber,Metallica,1,5fU6qjmD38P90BMsuqpiuU,0.479,0.913,0,-5.335,1,0.0625,0.00114,0.000107,0.226,0.413,93.213
38,T H T,Sum 41,1,17XgxMFNzBYv38TEJRC18D,0.359,0.935,8,-5.529,0,0.0817,0.000143,0.0141,0.351,0.658,173.429
39,Tell That Mick He Just Made My List Of Things To Do Today,Fall Out Boy,1,6mCjOSXkABONouTVa6PQOy,0.444,0.963,1,-3.565,0,0.108,0.000617,0,0.202,0.418,197.073
40,Thanks For Nothing,Sum 41,1,74YVs8w9ORaD0O2C2dlEL2,0.533,0.896,5,-4.247,1,0.0434,0.00239,1.09E-06,0.104,0.785,102.275
41,The Angry Mob,Kaiser Chiefs,1,2cWjAvvFJTQxBeKfm9Ssca,0.297,0.937,6,-3.527,1,0.0538,0.00226,6.42E-05,0.32,0.448,124.402
42,The Channel,Limp Bizkit,1,1G7AYvz95ouZmRlMYna97i,0.413,0.998,4,-3.938,1,0.248,0.000555,0.00959,0.289,0.0382,160.073
44,The Four Horsemen,Metallica,1,4YPgTCGJWAlHQ5g6eWoM8r,0.222,0.938,0,-6.91,1,0.375,0.00171,0.0845,0.108,0.329,203.098
45,The Key,Limp Bizkit,1,5Wt6nnGyzwQbQ2iHsGgM5S,0.667,0.997,0,-4.842,1,0.456,0.409,0,0.266,0.173,91.236
46,The Life And Death Of Mr. Badmouth,Pj Harvey,1,3pTAjWnz0BRJo9odLLQatA,0.707,0.369,10,-10.308,1,0.0298,0.712,0.0358,0.111,0.378,142.054
47,The Priest,Limp Bizkit,1,2p0mhChGr1OgOQX1QRtHyZ,0.396,0.852,7,-6.626,1,0.228,0.00437,0.0494,0.758,0.251,98.653
48,The Propaganda,Limp Bizkit,1,7m8leIR2d0XtLWm1lPXaKu,0.221,0.991,5,-4.509,0,0.268,0.000515,0.00135,0.175,0.164,80.969
49,The Ripper,Judas Priest,1,3OqBRDiMqrSUSD3E4fHm2l,0.401,0.57,2,-13.053,1,0.0493,0.0158,0.000114,0.403,0.567,145.567
50,The Story,Limp Bizkit,1,3fCk6T2IJsMVEZ45079urc,0.395,0.996,7,-4.764,1,0.214,0.000504,0.000107,0.234,0.291,93.128
51,The Surrender,Limp Bizkit,1,6nFqXBpJRPcyfay192nlyB,0.417,0.267,7,-13.768,1,0.0305,0.768,0.0941,0.183,0.0508,98.068
52,The Unforgiven,Metallica,1,2lF8jQFhIjpmQa501sYXxR,0.539,0.597,7,-9.581,1,0.0258,0.0108,0.00552,0.134,0.251,139.444
53,The Unnamed Feeling,Metallica,1,6gcGqslzlXlwt4UCjXxrgN,0.469,0.915,8,-5.235,1,0.0643,0.000826,0.00421,0.11,0.441,140.421
54,The Way I Am,Eminem,1,23wfXwnsPZYe5A1xXRHb3J,0.785,0.871,4,-2.692,0,0.265,0.144,0,0.309,0.315,87.248
55,Time for You to Go,Sum 41,1,4YZcr09gdEqBN43BS5kAVR,0.474,0.942,9,-4.107,1,0.101,0.000513,1.03E-05,0.188,0.51,158.004
56,"tyler, the creator",yonkers,1,1zsAAnB6dMpGOvXjoYP9Um,0.712,0.759,11,-5.397,1,0.334,0.016,0.0808,0.217,0.738,79.103
57,Underclass Hero,Sum 41,1,6dXizHF3KbmdvOgvMAhnQC,0.347,0.988,9,-2.979,1,0.127,0.000708,0,0.101,0.765,191.933
58,Use Your Fist And Not Your Mouth,Marilyn Manson,1,75fvUWJMuOQod5mfLEBVU9,0.658,0.923,9,-5.188,1,0.189,0.00147,8.27E-06,0.076,0.232,105.046
59,Violet,Hole,1,6CHENx8iqzMwavTIz8s0gm,0.287,0.78,7,-6.493,1,0.0469,0.049,3.71E-05,0.184,0.383,167.278
60,Want,Natalie Imbruglia,1,78foP0vBRj11NOU0j2WJi3,0.635,0.672,8,-6.592,0,0.0351,0.0167,0.00238,0.124,0.348,128.012
61,Want You Bad,The Offspring,1,6hwQ69v7VbPhTTR2fOtYX7,0.491,0.966,4,-4.28,1,0.0538,5.59E-05,0,0.307,0.614,105.544
62,Wargasm,L7,1,7b1snQi3wWfUPmRrPvK0ny,0.366,0.858,7,-9.215,1,0.0413,1.29E-06,0.645,0.0747,0.816,159.275
63,We'Re All To Blame,SUM 41,1,2cYoayTRed9m3scuQzKq8Z,0.204,0.891,8,-4.958,0,0.0863,0.00173,0,0.0874,0.285,80.396
64,What Are You,David Gray,1,5a2HkSeumnW3OGkNMSeFEz,0.449,0.753,5,-13.109,0,0.0323,0.000385,4.59E-05,0.321,0.77,96.116
65,Wherever I May Roam,Metallica,1,49rcSzMayJhIwGf0CJCaxJ,0.554,0.816,11,-7.871,1,0.0353,0.000526,0.000711,0.0988,0.362,131.409
66,Who Knew,Eminem,1,15joiMls8SpP1VtGivYh6i,0.855,0.596,7,-4.147,1,0.307,0.135,0,0.139,0.793,100.894
67,Who The Fuck_,Pj Harvey,1,1rWv1GWbyv9LMXRu3zOo55,0.512,0.782,7,-7.634,0,0.0516,0.0754,0.241,0.0936,0.686,123.526
68,With Teeth,Nine Inch Nails,1,1boT6T7To8iTK1RyM5xxJy,0.602,0.66,0,-8.935,1,0.032,0.192,0.391,0.203,0.351,98.082
69,You Could Be Mine,Guns N' Roses,1,0dlTGl67UFWcKupzkxZYOn,0.35,0.985,10,-5.676,0,0.122,0.00876,0.551,0.36,0.323,151.007
70,You Know What You Are_,Nine Inch Nails,1,4Hs5Fu5fHNPwHvKAiUXotu,0.5,0.975,10,-5.754,1,0.0954,0.0156,0.0277,0.299,0.266,160.027
72,1234,Feist,2,2CzWeyC9zlDpIOZPUUKrBW,0.71,0.484,2,-7.415,1,0.049,0.217,3.93E-06,0.0879,0.576,109.951
73,5 Years Time,Noah And The Whale,2,1KlDcHrlDPUJJPmMup3tUp,0.803,0.548,0,-7.103,1,0.12,0.351,0,0.0953,0.75,121.942
74,93 Million Miles,Jason Mraz,2,1s8tP3jP4GZcyHDsjvw218,0.573,0.454,3,-10.286,1,0.0258,0.479,1.36E-05,0.0974,0.515,140.187
75,A Name In This Town,Josh Thompson,2,7I65hK45DQNCU16slT1dEJ,0.659,0.896,2,-4.705,1,0.0287,0.0361,0,0.344,0.96,119.505
76,Alfie,Lily Allen,2,7CQf32iorpefGd4v8aMLvR,0.778,0.908,0,-5.275,1,0.0284,0.0184,0,0.0896,0.973,120.009
77,All Star,Smash Mouth,2,3cfOd4CMv2snFaKAnMdnvK,0.731,0.867,11,-5.881,1,0.032,0.0395,0,0.0861,0.776,104.019
78,All The Pretty Girls,Fun.,2,1TQyRzRnGJflBhUHAwtk1x,0.646,0.787,0,-4.654,1,0.0602,0.258,0,0.199,0.773,131.036
79,Amnesia,The Fabulous Thunderbirds,2,4rTLJgCSEjo4G7XTllf52d,0.524,0.888,0,-8.65,1,0.067,0.524,0.000229,0.0801,0.936,159.598
80,And Then You,Greg Laswell,2,0eyE0L7FbNrXaByFzMXT1C,0.63,0.342,7,-13.377,1,0.0245,0.817,0.00432,0.0965,0.552,77.515
82,Australia,"The,shins",2,6OwwTVRndoy9aoDxsmrteR,0.434,0.842,4,-4.468,1,0.038,0.00442,0.000142,0.308,0.838,169.935
83,Backyard,Good Lovelies,2,4qRQplIUkxvDmmRpK2EyfR,0.825,0.593,1,-9.682,1,0.0438,0.37,1.75E-05,0.0546,0.709,118.962
84,Barbie Girl,Aqua,2,2RSOzvKUnfDDrb2nQPfpQU,0.81,0.957,1,-6.049,0,0.0364,0.0165,0.284,0.248,0.962,129.985
85,Beautiful Girls,Sean Kingston,2,1hGy2eLcmC8eKx7qr1tOqx,0.762,0.661,1,-6.075,0,0.0687,0.15,0,0.256,0.769,130.009
86,Beautiful Soul,Jesse Mccartney,2,1HwpWwa6bnqqRhK8agG4RS,0.66,0.666,9,-4.342,1,0.0472,0.0759,0,0.0268,0.933,89.975
87,Beauty In The World,Macy Gray,2,6nsGda4FKwxNaJ85qShY6z,0.678,0.616,7,-9.296,1,0.0305,0.00151,0,0.148,0.692,100.518
88,Best Day Of My Life,American Authors,2,5Hroj5K7vLpIG4FNCRIjbP,0.673,0.902,2,-2.392,1,0.0346,0.0591,0.000262,0.0558,0.538,100.012
89,Billionaire (Feat. Bruno Mars),Travie Mccoy,2,2M9ULmQwTaTGmAdXaXpfz5,0.633,0.673,6,-6.403,0,0.258,0.297,0,0.206,0.659,86.776
90,Billy Brown,MIKA,2,0aNIe4Uy2Iym0XMnxHfmfV,0.672,0.44,7,-7.889,1,0.0454,0.551,2.25E-05,0.204,0.621,122.012
91,Bourgeois Shangri-La,miss li,2,4AC9YjgsGuJKydqaEc1TJq,0.377,0.979,0,-2.846,1,0.0933,0.000844,0.00629,0.305,0.579,191.971
92,Breakdown,Jack Johnson,2,3cnRYoW4nYzIuVPCp7k5iG,0.773,0.394,0,-9.252,1,0.0516,0.627,1.36E-05,0.0953,0.443,74.977
93,Marry You,Bruno Mars,2,22PMfvdz35fFKYnJyMn077,0.62,0.832,10,-4.848,1,0.036,0.332,0,0.104,0.481,144.926
94,Me And You,Ringo Starr,2,1FBFioBHxagY5TUxx8c4HU,0.707,0.494,7,-14.81,1,0.0302,0.141,1.88E-05,0.115,0.825,97.962
95,Mean,Taylor Swift,2,5yEPktRqvIhko5QFF3aBhQ,0.568,0.761,4,-3.987,1,0.0459,0.452,0,0.217,0.789,163.974
96,Mine,Taylor Swift,2,0dBW6ZsW8skfvoRfgeerBF,0.624,0.757,7,-2.94,1,0.0296,0.00265,1.87E-06,0.189,0.658,121.07
97,Misery,Maroon 5,2,6KBYk8OFtod7brGuZ3Y67q,0.704,0.81,4,-4.874,0,0.0425,0.000315,0,0.216,0.726,102.98
98,Mobile,Avril Lavigne,2,3D3B7vahQasg8rdAYrEbNT,0.593,0.726,9,-6.011,1,0.0298,0.00116,0.00495,0.111,0.634,100.412
99,Modern Nature,Sondre Lerche,2,270ueT8Mg9NJZNy9WEVCzq,0.688,0.575,2,-7.304,1,0.0304,0.194,0,0.149,0.609,122.022
100,Move Your Feet,Junior Senior,2,4jacsL77ZYnpInmTtUBaJW,0.755,0.895,9,-2.619,1,0.0883,0.0507,0.0737,0.222,0.844,118.871
101,Moves Like Jagger,Maroon 5,2,0ZAb2I1Ufo7MP0ysP4WBg9,0.698,0.784,11,-3.86,0,0.0548,0.0253,0,0.441,0.699,128.049
102,Mrs. T.,Good Lovelies,2,0i1TWJD4NS99lC2edgudz5,0.677,0.314,2,-12.825,1,0.0346,0.82,0,0.067,0.321,124.059
103,My Baby,Britney Spears,2,5gkgwVSPu1NvkRwPDWb8aq,0.601,0.154,2,-15.975,1,0.0299,0.84,0.00102,0.101,0.159,99.973
104,Never Know,Jack Johnson,2,3dKFxCpVtK3g9KAB8S1FwY,0.928,0.385,1,-7.44,0,0.0546,0.29,1.24E-05,0.12,0.761,102.007
105,No Escape From The Blues,Muddy Waters,2,73iz4pFr1pxVkHHA4GS1bj,0.559,0.845,9,-7.814,1,0.216,0.465,9.70E-05,0.154,0.555,103.427
106,On The Road To Ruin,The Notorious Cherry Bombs,2,37xtNPEaTY8UUnGPTbw4Rr,0.659,0.942,2,-5.64,1,0.0307,0.213,0.0281,0.105,0.854,102.926
107,On Top Of The World,Imagine Dragons,2,0EB67QN982f8rVQ2jVVcOU,0.621,0.947,0,-4.854,1,0.144,0.052,0,0.0812,0.811,100.077
108,Otherside,Viva Brother,2,1E6ye0AwhWcYORf3eSwIzp,0.384,0.808,2,-3.723,1,0.0454,0.0496,9.02E-05,0.0781,0.528,202.113
109,Pacific Coast Party,Smash Mouth,2,6PVUhaicHVxBFjOUDcWfDY,0.659,0.88,5,-4.69,0,0.036,0.00992,0,0.391,0.864,122.193
110,Party Til You Puke,Andrew W.K.,2,1rZYmFybIdfGjsYbPC970I,0.278,0.995,9,-3.475,1,0.077,9.30E-06,1.18E-05,0.304,0.144,192.143
111,Pass Out,Tinie Tempah,2,4Q4K8fikwOmZYmz82Wco4w,0.693,0.891,1,-3.261,1,0.296,0.0281,0,0.143,0.532,91.1
112,Pencil Full Of Lead,Paolo Nutini,2,6ACPfkfDfJfGGE4oKfbiRY,0.735,0.767,7,-6.536,1,0.116,0.324,0,0.146,0.833,106.132
113,Plage,crystal fighters,2,6jPNXRnTy37ADxbihf56rM,0.687,0.832,4,-6.426,1,0.0429,0.0845,0.0149,0.153,0.281,134.012
114,Pleasant Valley Sunday,The Monkees,2,2HqB3VSdiYmDkTTCPzVHOf,0.421,0.727,9,-6.384,1,0.0344,0.203,0,0.235,0.541,89.973
115,Please,Tristan Prettyman,2,69lPNDel1CpqBWH4PuLE9w,0.662,0.821,5,-4.213,1,0.0378,0.134,8.78E-06,0.149,0.77,95.98
116,Pocketful Of Sunshine,Natasha Bedingfield,2,1uigwk5hNV84zRd5YQQRTk,0.721,0.88,9,-3.896,0,0.0454,0.191,0,0.0769,0.655,110.021
117,Polythene Queen,miss li,2,4aydn6tLbBBe1BqCgdKaor,0.779,0.576,4,-5.918,1,0.0314,0.224,2.25E-06,0.0945,0.744,104.979
119,Roll On Down The Highway,Bachman-Turner Overdrive,2,05mzctclS0ZqqTLEiDIGkt,0.475,0.823,7,-11.994,1,0.029,0.00333,0.00839,0.311,0.881,138.981
120,Roll To Me,Del Amitri,2,7LF0YY1gON8rBECsyEs0Wb,0.567,0.821,6,-5.894,1,0.0371,0.418,0,0.108,0.895,150.106
121,Santa Baby,Taylor Swift,2,71IScwIe7bcIlpnlkbKVQw,0.759,0.509,5,-6.593,1,0.0271,0.159,0,0.153,0.75,107.948
122,Satisfied,Ringo Starr,2,2Rwu1wMzakMkSrT3LSzZou,0.402,0.814,6,-4.166,1,0.0347,0.000782,0,0.099,0.683,117.419
123,Saturday'S Child,The Monkees,2,6nXIyELiqsmvM5iLTRgfRK,0.335,0.663,9,-8.06,1,0.0377,0.0666,2.60E-06,0.0512,0.579,142.534
124,Say Hey (I Love You),Michael Franti & Spearhead,2,0nnxf8p851ZR49KFnGWVsB,0.738,0.983,5,-4.374,0,0.0855,0.038,5.93E-06,0.183,0.957,92.998
125,Second Hand,Bachman-Turner Overdrive,2,4tjHiPaduxfDeP8nafinfX,0.481,0.624,4,-12.496,1,0.0364,0.000425,0.00226,0.687,0.848,112.414
126,Shades Of Gray,The Monkees,2,6VBxyQPXxSJKSpK3iY9mln,0.543,0.328,0,-13.124,1,0.0269,0.813,9.43E-06,0.161,0.492,107.386
127,Shake Up Christmas 2011,Natasha Bedingfield,2,57fDcLa203GnDF9OYJd6mV,0.614,0.754,0,-6.83,1,0.0966,0.00176,0.00625,0.453,0.685,82.009
128,She,The Monkees,2,33gpH6M10smcgSDUYescVD,0.474,0.622,6,-7.393,0,0.0393,0.174,0,0.141,0.702,119.228
129,Shock Me Into Love,Lenka,2,6wv5jqpXdqxdovdF9wrT9L,0.744,0.6,2,-6.761,1,0.0426,0.0555,0.935,0.085,0.947,128.002
130,Should'Ve Said No,Taylor Swift,2,16MVSD0mGI4RMQT83Qzm69,0.476,0.777,4,-3.771,0,0.0289,0.0103,0,0.196,0.472,167.964
132,Smoke,Tristan Prettyman,2,2WPeycD6MA3Kqs8fsR5J8I,0.701,0.654,5,-5.318,1,0.0248,0.406,9.80E-06,0.186,0.666,101.94
133,So Much Love,the rocket summer,2,3Q4mpD9y7v3Rro0aCuaAOf,0.506,0.948,7,-3.124,1,0.0849,0.0329,0,0.276,0.524,131.032
134,Some Nights (Intro),Fun.,2,1JAI5Ia020mdGH2wMQEacy,0.48,0.238,0,-10.587,1,0.0569,0.78,8.65E-05,0.631,0.308,132.972
135,Somedays,Room Eleven,2,6H3rh1ZfthBfB7wRt42G3E,0.688,0.392,11,-11.087,0,0.157,0.482,0,0.0877,0.847,96.196
136,Something Good Can Work,Two Door Cinema Club,2,5yDX0yhtLyf0zEXEqXqyAa,0.648,0.833,0,-5.321,1,0.0327,0.00583,0.000787,0.178,0.64,119.935
137,Sometime In The Morning,The Monkees,2,29MWHZL3EnA792mpBpabvU,0.377,0.537,4,-6.811,1,0.0332,0.168,0.00528,0.0831,0.421,126.173
138,Songs Like This,Carrie Underwood,2,0AqE1fmcWjKjrYNcTphhEM,0.324,0.801,6,-2.973,1,0.0796,0.0172,0,0.317,0.472,184.716
139,Stacy's Mom,Fountains of Wayne,2,27L8sESb3KR79asDUBu8nW,0.774,0.75,11,-4.927,0,0.0412,0.00207,1.78E-05,0.0808,0.927,118.015
140,Stay The Night,James Blunt,2,7FFl1IHSsPWsfUCladsCl9,0.528,0.886,11,-6.249,0,0.0329,0.0159,0,0.0758,0.8,96.001
141,Stutter,Maroon 5,2,7zmJyZL3DfYBBYbY8Rve6W,0.711,0.882,1,-2.772,0,0.0333,0.0171,0,0.111,0.813,119.991
143,Sunshine,Matt Costa,2,3fXj9X3BxYm0yrJfq1Z90W,0.691,0.387,3,-7.405,1,0.0277,0.291,0,0.203,0.485,82.528
144,Sunshine In The Rain,Bwo,2,4PZT9cSj0INWJSwx0WhTVD,0.65,0.876,5,-4.377,0,0.0309,0.0222,0.00393,0.257,0.836,127.996
145,Sweet Sixteen,Hilary Duff,2,26hxS5JLqql7qCX4IzoLt3,0.568,0.919,4,-3.675,1,0.058,0.00808,0.000276,0.347,0.712,127.034
146,Take A Giant Step,The Monkees,2,2wX3vFeFloLgtOGsdd26Mw,0.446,0.651,9,-9.964,1,0.0365,0.124,4.91E-06,0.235,0.674,101.962
147,Take It Off,Andrew W.K.,2,50FwQtzc76oc5M6MJqeZOh,0.345,0.982,4,-4.119,1,0.051,0.000297,1.17E-06,0.697,0.593,175.649
148,The Airway,Owl City,2,3Cy5wM1kAWdQ364r0zp8LD,0.665,0.517,9,-9.264,1,0.0289,0.32,0,0.0925,0.609,120.003
149,The Day I Died,Just Jack,2,2gbKZCQspjVFoQNTH1PpM7,0.633,0.592,1,-8.297,0,0.0508,0.184,0,0.334,0.599,86.028
150,The Girl I Knew Somewhere,The Monkees,2,5FOh9frnN5RMHgVOTYoTGI,0.466,0.802,0,-8.769,1,0.035,0.0488,0,0.0728,0.964,175.145
151,The Lazy Song,Bruno Mars,2,1ExfPZEiahqhLyajhybFeS,0.738,0.804,11,-3.851,1,0.0621,0.332,0,0.279,0.949,174.943
152,The Love That Harms,John Hiatt,2,36WNKuYSNvQleA0k87wklK,0.545,0.532,7,-12.017,1,0.027,0.00385,9.39E-05,0.132,0.866,132.016
153,The Saltwater Room,Owl City,2,2tZIVD0ZPxpsoFx7hvAjWh,0.641,0.686,0,-6.727,1,0.0261,0.053,5.05E-05,0.159,0.669,111.994
154,The Show,Lenka,2,1mHoqHeQClLBp5UO3TbUac,0.753,0.59,0,-4.144,1,0.0317,0.259,0,0.0836,0.593,123.028
156,To All The Girls,Aaron Carter,2,6je2PjAX3HRzrllq6Ysh6l,0.626,0.924,7,-5.453,1,0.0333,0.0244,0,0.189,0.785,98.511
157,Tonight Tonight,Hot Chelle Rae,2,2i0AUcEnsDm3dsqLrFWUCq,0.686,0.783,4,-4.977,1,0.119,0.0764,0,0.163,0.814,99.978
158,Top Of The World,Carpenters,2,1Ehdm1PDlKrdfyBsjwEvd1,0.379,0.343,10,-12.993,1,0.0385,0.806,0,0.0991,0.694,184.301
159,Treacherous,Taylor Swift,2,0XfOV7qY3834QpFVwOb6CC,0.705,0.621,2,-8.086,1,0.0334,0.101,4.30E-06,0.147,0.395,109.993
160,True Love,The Fabulous Thunderbirds,2,1MoRUpFV4SmGYU3IhbrK9B,0.44,0.879,0,-12.412,1,0.0405,0.13,0.000285,0.317,0.922,167.718
161,Two Doors Down,Mark Burchfield,2,2atnFyJisDrLyv8HdAVflG,0.665,0.623,7,-7.816,1,0.0326,0.356,0.858,0.0766,0.714,98.945
162,Up And Up,Relient K,2,4X8PrIUuZyRUqUx4EYZzAF,0.528,0.926,0,-3.136,1,0.0347,0.00331,0,0.305,0.401,145.987
163,Valleri,The Monkees,2,49EoBTPBSmPUeRmPTJsIBX,0.401,0.637,8,-6.415,0,0.0703,0.234,0.0181,0.322,0.515,152.612
164,Wait A Minute,The Notorious Cherry Bombs,2,0umCyeRBbvq7da5eSMs0cQ,0.721,0.931,4,-4.306,1,0.0352,0.273,0,0.287,0.968,139.201
165,Wake Me Up Before You Go Go,Wham,2,0ikz6tENMONtK6qGkOrU3c,0.62,0.574,0,-11.893,1,0.0421,0.272,0,0.0607,0.9,81.548
166,Walking On Sunshine,Katrina And The Waves,2,05wIrZSwuaVWhcv5FfqeH0,0.596,0.869,10,-11.97,1,0.037,0.0116,0.173,0.0678,0.944,109.902
167,Walking The Dog,Fun.,2,50g0it8QsUikGOHTEOaNXC,0.763,0.631,2,-6.424,1,0.0652,0.0436,0,0.425,0.839,108.515
168,We Are Golden,MIKA,2,4G0oTxAqWyKo59oLjiuIzk,0.543,0.86,0,-5.181,1,0.0679,0.0051,0.114,0.108,0.395,123.015
169,We Will Not Grow Old,Lenka,2,3nVmpLFhuSMSrkyLbch41k,0.677,0.631,10,-5.029,1,0.0275,0.26,0.000128,0.117,0.48,119.968
170,We're Going To Be Friends,The White Stripes,2,1N883b1C3trjGcx2h4E99B,0.533,0.459,7,-5.499,1,0.0277,0.687,0,0.0773,0.386,97.213
171,What Makes You Beautiful,One Direction,2,4cluDES4hQEUhmXj6TXkSo,0.726,0.787,4,-2.494,1,0.0737,0.009,0,0.0596,0.888,124.99
172,Whatever You Like (Single Version),Anya Marina,2,5qX2ZJoLEyFCTAdaCqUo7s,0.663,0.643,5,-4.383,1,0.0316,0.535,0,0.308,0.368,121.97
173,When I Go,Slow Club,2,7oIjNAGO9guYVTra0ZnBAB,0.677,0.191,4,-14.832,1,0.0554,0.78,0,0.0858,0.652,115.308
174,"Whenever, Wherever",Shakira,2,2lnzGkdtDj5mtlcOW2yRtG,0.793,0.832,1,-4.862,0,0.0406,0.236,1.12E-05,0.202,0.872,107.661
175,Words,The Monkees,2,1JFfCawXkvyuX7xpFslcGe,0.545,0.543,6,-10.026,0,0.0284,0.0392,1.60E-05,0.273,0.712,136.959
176,Year 3000,Jonas Brothers,2,0U1k6SqKg0hioimd9HQ5iz,0.658,0.855,11,-5.85,1,0.0433,0.00407,2.38E-06,0.335,0.83,106.962
177,(I'Ll Never Be) Your Maggie May,Suzanne Vega,3,1YJurDQdPYovuBdgTU6gtj,0.624,0.533,9,-9.725,1,0.03,0.431,1.00E-05,0.212,0.559,87.015
178,1234,Feist,3,2CzWeyC9zlDpIOZPUUKrBW,0.71,0.484,2,-7.415,1,0.049,0.217,3.93E-06,0.0879,0.576,109.951
179,7 Days,Craig David,3,0gPQTLaqHDgdupKEok7J2x,0.659,0.812,4,-7.499,0,0.0487,0.23,0,0.0951,0.888,83.013
180,A Good Day (Morning Song),Priscilla Ahn,3,6MTLkzSUX89xVOWI00CWC0,0.308,0.0999,10,-13.393,1,0.0353,0.987,0.00662,0.122,0.138,100.08
181,A Place Nearby,Lene Marlin,3,2CoOb7f00S9B7y4IyB2bT6,0.821,0.221,0,-13.116,1,0.0366,0.389,0.000953,0.0859,0.147,112.925
182,A Public Affair,Jessica Simpson,3,1gFMesXcHHtIUhwzxYFOtz,0.735,0.86,11,-3.878,0,0.0339,0.00525,0.000192,0.404,0.835,124.052
183,A Thousand Kisses Deep,Leonard Cohen,3,1izTPgfFEyvc0hl7uYAzGt,0.713,0.205,5,-15.696,0,0.0439,0.323,0.00625,0.109,0.314,154.049
184,A Thousand Years,Christina Perri,3,6lanRgr6wXibZr8KgzXxBl,0.421,0.407,10,-7.445,1,0.0267,0.309,0.000961,0.11,0.161,139.028
185,Air Traffic,Owl City,3,4ATbICZPIE9HYc47bXnqZF,0.607,0.493,6,-9.241,1,0.026,0.161,0.000444,0.0732,0.234,109.994
186,All About Your Heart,Mindy Gledhill,3,5ez4of8y0xSEV268vr0lNE,0.564,0.419,11,-8.557,1,0.0247,0.7,0.00132,0.121,0.0894,93.999
187,All The Way,Craig David,3,5ln1Tttut50qIL1KJkl3YC,0.703,0.802,0,-4.499,1,0.0795,0.186,0,0.0749,0.745,102.963
188,Always Getting Over You,Angela Ammons,3,51NeLt5I2KN3qti5ZmbN0F,0.592,0.831,11,-6.219,1,0.0276,0.00383,0.000113,0.164,0.67,92.862
189,Amazing Grace,Olivia Ong,3,64COg2GkyaGCMGLTRhxV9L,0.424,0.0473,0,-20.486,1,0.0376,0.908,0.000175,0.219,0.127,104.99
190,At Or With Me,Jack Johnson,3,1K4VZwgvFxs68itkIULbLq,0.646,0.549,4,-6.923,1,0.0319,0.629,5.55E-05,0.254,0.483,113.554
192,Be Still,Kari Jobe,3,5Gzoj8wHozuSPn4eOFIQu1,0.245,0.326,8,-8.735,1,0.0324,0.654,3.53E-06,0.121,0.163,122.006
194,Behind These Hazel Eyes,Kelly Clarkson,3,0AKAxdNkwq9ZxRdW1DN9zW,0.548,0.889,9,-4.682,1,0.0382,0.00165,0.00109,0.197,0.425,90.048
195,Better Than A Hallelujah,AMY GRANT,3,6RlliUfY8hTxnaK85e6D5Z,0.616,0.488,7,-7.513,1,0.0265,0.473,5.34E-05,0.106,0.501,75
196,Better Together,Jack Johnson,3,4VywXu6umkIQ2OS0m1I79y,0.868,0.347,5,-9.529,1,0.0536,0.308,2.00E-05,0.11,0.659,110.059
197,Between Sheets,Imogen Heap,3,64T2ejmVroH8OnIpYbbY0K,0.533,0.283,8,-16.209,1,0.0394,0.835,0.0304,0.101,0.3,109.99
198,Blonde On Blonde,Nada Surf,3,7uzbmVkKDp4VieUkbqJ3Vg,0.603,0.436,0,-10.466,1,0.0278,0.481,0.00205,0.116,0.0756,98.028
199,Blue Skies,Lady & Bird,3,1R8Ij1SgucaHNzDzFL7nl8,0.447,0.524,11,-11.922,0,0.112,0.755,0.0167,0.0886,0.36,173.941
200,Boogie Street,Leonard Cohen,3,1woLZv5UGeajS8tihQLNwy,0.776,0.209,6,-14.883,0,0.0534,0.275,0.00201,0.108,0.399,168.967
201,Boston,Augustana,3,2WZyfujzMweFLnozyUJBkW,0.404,0.571,0,-5.069,1,0.0303,0.182,2.08E-05,0.129,0.29,147.01
202,Breathe,Telepopmusik,3,0uKrhHBDUQ4w5fv4qwOubP,0.684,0.684,1,-13.337,1,0.0418,0.385,0.29,0.106,0.616,113.988
203,Breeze,Sophie Zelmani,3,16j1x81Y7f6fxcySAkMMtW,0.686,0.59,6,-11.973,0,0.0268,0.492,0.753,0.108,0.811,110.032
204,But For Now,Jamie Cullum,3,6fCWmPtOI6JJQN3Wc034rq,0.359,0.131,3,-13.822,1,0.0325,0.906,0.000109,0.148,0.254,87.205
205,By Our Love,Christy Nockels,3,510ixGp2Vw63vfbZchp0mT,0.547,0.162,7,-9.076,1,0.0334,0.963,0,0.101,0.242,66.043
206,Chapter Six,Kendrick Lamar,3,3DBFOXJKitLKUjlyOCX7ow,0.51,0.537,4,-11.297,0,0.0823,0.533,0,0.185,0.67,67.9
207,Please Sister,The Cardigans,3,03BPpfecvvyTlhfhcH1uaV,0.343,0.535,9,-6.509,0,0.0253,0.135,8.79E-06,0.364,0.257,81.122
208,Preparing To Leave,Lunik,3,3YVCsE7BNb1mLpySNkbmKp,0.431,0.441,6,-7.779,1,0.026,0.556,8.48E-06,0.0649,0.257,76.084
209,Raise Your Voices,Secret Garden,3,1f2D9usJ72WtV9bwQgSFZS,0.276,0.458,5,-10.518,1,0.0339,0.458,0.878,0.0602,0.107,93.619
210,Relief,Chris Garneau,3,3kDhDyTfABr91MYiS9bLix,0.582,0.284,3,-12.318,0,0.0363,0.906,0.0162,0.115,0.156,133.952
211,return to me,october project,3,3k0ULYNuiG3n2V9z0hVQ5A,0.484,0.432,1,-11.417,1,0.0294,0.332,0,0.107,0.279,116.142
212,Right Next To The Right One,Tim Christensen,3,23eDnmJBpdagg28diljFQJ,0.482,0.388,11,-7.47,1,0.0276,0.0618,0,0.141,0.458,101.283
213,Sad News,Chris Garneau,3,5Om4eWWZh9j05pEQVdxQ8b,0.37,0.275,2,-13.306,1,0.0308,0.954,0.709,0.0863,0.0683,111.177
214,Safe And Sound,Azure Ray,3,5lvhQKNhDQrvCwbFukg3BY,0.465,0.217,9,-15.978,0,0.0298,0.906,0.00063,0.108,0.226,112.479
215,Save Me From Myself,Christina Aguilera,3,7aLQoD4MWkYQjZuTQKuT9Y,0.538,0.141,6,-14.385,0,0.096,0.937,0,0.128,0.341,77.931
217,Scarborough Fair,Sarah Brightman,3,4vixgSEittlcLbvclr6xjN,0.44,0.391,0,-10.092,1,0.03,0.795,0.0132,0.0974,0.175,119.873
218,Seven Days In Sunny June,Jamiroquai,3,2bwxqGKS5GPXfNanAIRe2p,0.707,0.797,7,-7.143,1,0.0435,0.2,0,0.302,0.633,105.395
219,Seven Years,Norah Jones,3,39kuVkJjfRjXqUpAtkDItK,0.584,0.185,7,-13.986,1,0.035,0.959,0.0072,0.105,0.376,127.151
220,Seventeen,Keren Ann,3,2MHLF1mrNQYZvjcknCXDEN,0.558,0.316,2,-11.814,0,0.0288,0.68,0.0971,0.111,0.431,104.971
221,Sextape,Deftones,3,1EryAkZ0VHstC6haIxVBiE,0.367,0.634,5,-6.475,1,0.027,0.000824,0.0759,0.116,0.0964,89.981
222,She'S The One,Robbie Williams,3,4lO57zZGFcj7vSY4QhfVDq,0.243,0.609,10,-8.451,1,0.0323,0.663,1.13E-05,0.221,0.333,166.668
223,Should It Matter,Sissel,3,5kkzrsYVootBOfJQZTKqKC,0.617,0.363,10,-8.016,0,0.029,0.395,0,0.085,0.212,119
224,Should You Return,Copeland,3,1y2Rg2lX9ymifXgrJm1Q0w,0.508,0.595,4,-7.225,0,0.0347,0.442,7.47E-06,0.175,0.346,138.025
225,Silver Lining,Kacey Musgraves,3,7Cmd1xEuyrUYtiLbbeBfgJ,0.609,0.558,1,-7.962,1,0.0302,0.161,6.16E-05,0.0988,0.48,69.97
226,Sleep With You,Egil Olsen,3,6dJabU4OhnOfyByP8NQeOF,0.546,0.409,7,-17.666,1,0.298,0.796,9.08E-06,0.367,0.74,81.152
227,Small Hours,John Martyn,3,1sFh9LmPrsZarW5PqhOFD9,0.248,0.0384,8,-23.614,1,0.0366,0.908,0.599,0.194,0.0992,103.096
228,So Far,Chris Garneau,3,0gnDAoFS1yEovMkG27OTVv,0.625,0.194,2,-13.762,1,0.0347,0.699,0.0904,0.0831,0.103,119.935
229,Somebody That I Used To Know,Gotye,3,4wCmqSrbyCgxEXROQE6vtV,0.864,0.495,0,-7.036,1,0.037,0.591,0.000133,0.0992,0.72,129.062
230,Sometimes,Britney Spears,3,1UI0l2L66HJ9AtoEOlHzv4,0.745,0.742,10,-5.693,1,0.0259,0.42,0,0.102,0.806,95.996
231,Speak Your Heart,Lizz Wright,3,0Fpzme3KEtRUYBz3EXbKml,0.279,0.191,9,-12.673,1,0.0324,0.852,7.64E-05,0.124,0.156,162.027
232,Stay The Same,Joey Mcintyre,3,34Tq4vFc9aiShjelMTEfdO,0.629,0.553,2,-5.773,1,0.0297,0.0249,0,0.141,0.285,130.115
233,Stephanie Says,Lady & Bird,3,5RnaZrtx2senMoUse6XNKI,0.723,0.451,3,-13.413,1,0.0321,0.807,0.11,0.121,0.619,107.89
234,Street Map,Athlete,3,2j6MkqCq0rKJRsGnD4Q5vq,0.551,0.308,6,-9.757,1,0.0285,0.277,0.000178,0.101,0.132,115.855
235,Sugarcane,Missy Higgins,3,6EVG4IiLTLWoSWohejJzPv,0.511,0.399,11,-10.179,1,0.0279,0.799,3.16E-05,0.245,0.393,136.027
236,Suicide Is Painless,Lady & Bird,3,6wU29PeLHPXfyksi4OE4b7,0.562,0.251,2,-11.273,0,0.0355,0.882,0,0.113,0.324,105.787
237,Sunrise,Norah Jones,3,7zkLpY72g6lKQbiHDqri1S,0.526,0.299,8,-13.797,1,0.031,0.941,0.097,0.106,0.679,156.848
238,Swingset Chain,Loquat,3,4vR4jN5oYprr8lkQSlNu3M,0.699,0.55,11,-10.302,0,0.0314,0.136,2.31E-05,0.119,0.55,123.956
239,Thank You,Dido,3,751gBcu62kORDelX7FV0mM,0.722,0.595,1,-9.928,0,0.0415,0.284,0.000538,0.0694,0.738,79.98
240,the corrs,rain,3,4KknXwL28ctk7oVhXt1Ts1,0.549,0.523,7,-10.973,0,0.0292,0.598,0.000141,0.107,0.44,143.79
241,The Crime At Edmond Lake,Tamas Wells,3,00EcMEDxJnTHhcThyQVSv3,0.545,0.425,11,-9.365,0,0.0281,0.396,6.74E-06,0.112,0.35,117.969
242,The Hill,Marketa Irglova,3,3ZWV50CGB2ywA8PgV3TLhR,0.481,0.0843,8,-17.567,0,0.0337,0.992,0.179,0.116,0.32,71.924
243,The Long And Winding Road,Paul McCartney,3,1RGtOTXIJNEMKQVnKmNOXv,0.461,0.357,0,-11.994,0,0.0252,0.893,0.0113,0.835,0.274,73.73
244,The One You Love,Glenn Frey,3,4uvARnZIajUDXWXPifhK3B,0.603,0.302,7,-13.698,1,0.0242,0.44,0.00701,0.172,0.488,75.274
245,The Parting Glass,The High Kings,3,3yY3HAW5wDG0oXf06JyoZ4,0.289,0.255,3,-10.153,1,0.0291,0.115,0,0.125,0.367,92.472
246,The Sighting,A Fine Frenzy,3,3yqwNJwlpS5QJhqknGrUMu,0.525,0.111,7,-20.205,0,0.0327,0.778,0.00125,0.115,0.17,94.992
247,The Veldt (Radio Edit),Deadmau5,3,5H0CfA9GaNg0wROR9K3X3K,0.736,0.759,9,-7.066,1,0.0347,0.0573,0.207,0.0778,0.485,128.039
248,The Water Is Wide,James Taylor,3,61DJ0R2KHxdOAMLlHsLxX0,0.416,0.095,5,-16.711,1,0.0303,0.883,2.85E-05,0.116,0.383,95.276
249,The Way You Look Tonight,Maroon 5,3,76jjuRhrihhSXyEknFjauS,0.513,0.1,3,-16.33,1,0.0298,0.99,0.85,0.139,0.581,74.965
250,The World As I See It,Jason Mraz,3,2ORU4XRGqFjPB2mTft0VPj,0.574,0.749,10,-7.011,1,0.0315,0.163,0,0.144,0.466,119.015
251,Then Go [Live From Union Chapel],Damien Rice,3,4ZToGFje8qtvPNlTIncqjh,0.346,0.132,7,-16.127,1,0.0354,0.782,0.0069,0.984,0.0567,116.744
252,they,Jem,3,5HiVagjTjqdvu3Ke2aqMc7,0.728,0.817,5,-5.61,1,0.0413,0.0237,2.23E-05,0.115,0.729,129.978
253,Three Courses And An Open Canoe,Tamas Wells,3,6MXxrEvtbqr0SDcdnOux9j,0.417,0.265,4,-11.332,1,0.033,0.874,0.00532,0.106,0.394,121.596
255,Tonight I Wanna Cry,Keith Urban,3,61hmCqoIlTJjcVMMLhcH5n,0.579,0.385,7,-7.885,1,0.0256,0.88,2.17E-06,0.164,0.145,103.779
257,Unchained Melody,Harry Belafonte,3,1Ye5jycdqaXhj9obRLn0ip,0.383,0.0426,4,-20.638,1,0.0558,0.977,0.000656,0.111,0.192,112.156
258,wait,Alexi Murdoch,3,2mtYt7WxFKIi2sCc3xntOj,0.469,0.286,6,-9.454,1,0.032,0.78,0.0103,0.197,0.164,116.368
259,Wanna Be Close,Avant,3,3TfBp81XBxnU5RLDKgD8nR,0.666,0.526,5,-4.71,1,0.0389,0.23,0,0.278,0.676,138.129
260,Wash Away,Matt Costa,3,4ty4U1eOT30kp5z30ecmZ1,0.37,0.37,4,-9.531,1,0.0306,0.534,0.000101,0.253,0.17,119.783
261,We Exchanged Words,Azure Ray,3,5nSY5VSW5oY9Y4e1yDNgBA,0.602,0.23,9,-17.786,0,0.0304,0.871,0.565,0.274,0.228,87.913
262,What a Wonderful World,Stacey Kent,3,7oWHSwL9592pL2nwdsOoP4,0.408,0.171,11,-15.427,0,0.0321,0.934,0.017,0.109,0.275,165.067
263,What Goes Around Comes Around,Justin Timberlake,3,3pD0f7hSJg2XdQ6udw5Tey,0.687,0.723,7,-4.751,1,0.0709,0.122,0.00102,0.573,0.432,76
264,When You Wish Upon A Star,Rosemary Clooney,3,7j6ZbAz9WdYbjQ0lrcA9Po,0.237,0.217,8,-12.135,1,0.0375,0.939,7.77E-05,0.337,0.101,80.984
265,Wild Is The Wind,Amel Larrieux,3,3LN14oq3j2qssiHc3mRIPF,0.425,0.158,2,-17.497,0,0.0438,0.987,0.000101,0.0972,0.231,129.457
266,Windmills Of Your Mind,Sting,3,4RuoHXSsoPTHhKZqdLNRvq,0.635,0.347,11,-13.997,0,0.124,0.417,1.13E-05,0.0676,0.396,87.535
267,Worry About You,Ivy,3,29g3nBllw4P3WKaSfCcue3,0.588,0.6,1,-8.722,1,0.0265,0.771,0.881,0.131,0.517,85.018
268,You,chris young,3,3VCWhe7AtBrkhour9t6dq6,0.708,0.708,6,-5.12,0,0.0266,0.316,0,0.361,0.667,95.031
269,You Are My Sunshine,Carly Simon,3,4YbCG92sf99SbePU9bDktL,0.429,0.084,7,-17.667,1,0.0397,0.969,0.047,0.0815,0.3,100.868
270,You Belong To Me,Carla Bruni,3,4uLnMizWpOst8s7NO3SxOl,0.457,0.245,1,-9.852,1,0.0417,0.875,0.000286,0.11,0.315,168.503
271,You Belong To Me,Jason Wade,3,3gfpfUEtnOvgxhyntx2HE6,0.512,0.444,6,-10.814,1,0.0612,0.835,0.794,0.11,0.518,176.987
272,You Took My Heart Away,Michael Learns To Rock,3,6s5lTq6jDYq1XHqXQQz4vC,0.57,0.554,6,-4.349,0,0.0257,0.205,0,0.101,0.116,120.878
273,Like A Song,Lenka,4,05eiKEr80zHnYNpD4u8ili,0.327,0.115,2,-13.907,0,0.0328,0.978,2.01E-05,0.118,0.0874,95.697
274,Living To Love You,Sarah Connor,4,2mTHOerIGzhdTOm1pgW4kf,0.545,0.502,11,-4.813,1,0.0275,0.609,0,0.183,0.153,137.744
275,Lonely As You,Foo Fighters,4,4NPI2n6mINvcgNejPefpoY,0.468,0.757,11,-4.278,1,0.0424,0.000618,0,0.277,0.257,80.862
276,Lonely Enough,Little Big Town,4,3jebOkUyCkpAXQ2ZQJ7mGi,0.518,0.57,8,-7.911,0,0.0275,0.593,2.41E-05,0.0965,0.331,88.998
277,Lonely Girls,Lucinda Williams,4,0Tzzq5hXNn62bxxRbcA8X5,0.523,0.436,10,-11.63,1,0.0258,0.735,0.0102,0.128,0.471,91.673
278,Lonely Lullaby,Owl City,4,6oAx97IcSWk19iEm6iwVtH,0.509,0.242,6,-10.809,1,0.0296,0.696,8.89E-06,0.0932,0.118,133.96
279,Look On Down From The Bridge,Mazzy Star,4,010ALbbh5KlQ4fKWgSdhRd,0.37,0.0772,0,-19.322,1,0.0414,0.642,0.69,0.112,0.0954,119.942
280,Lose You,Pete Yorn,4,2sajJj5vEZTN0DSq14yFYE,0.593,0.68,6,-10.669,1,0.0374,0.21,0.234,0.222,0.362,83.14
281,Love The Way You Lie,"Eminem,Rihanna",4,1KWwYhvlPRxgn64WEEgZfu,0.458,0.289,7,-8.88,0,0.0311,0.571,0,0.23,0.402,83.441
282,Lullaby,The Cure,4,4d4oXk7O2lEhZ83ivV93li,0.718,0.557,9,-10.679,1,0.0328,0.185,0.707,0.055,0.586,94.095
283,Mad World,Gary jules,4,3JOVTQ5h8HGFnDdp4VT3MP,0.345,0.0581,3,-17.217,1,0.0374,0.976,0.000366,0.103,0.304,174.117
284,Manhattan,Sara Bareilles,4,0aSgzAUObtmSSwh1yO6shv,0.415,0.168,9,-12.223,1,0.0404,0.972,0.000585,0.113,0.235,90.321
285,Marching Bands Of Manhattan,Death Cab For Cutie,4,7xBWYN1Dzciatr34K6sfDh,0.361,0.47,0,-9.765,1,0.0324,0.565,0.000396,0.0728,0.431,200.273
286,Marry You,Bruno Mars,4,22PMfvdz35fFKYnJyMn077,0.62,0.832,10,-4.848,1,0.036,0.332,0,0.104,0.481,144.926
287,Maybe California,Tori Amos,4,1ED6IYAbT3vFRDhYkIenOp,0.206,0.266,0,-13.204,1,0.0322,0.796,5.30E-05,0.312,0.228,183.632
288,me vs. maradona vs. elvis,Brand New,4,3RQTF7vKlcO5OoBQqcDMKo,0.494,0.238,1,-10.523,1,0.0306,0.186,0.0958,0.0967,0.378,181.773
289,miserable at best,mayday parade,4,1ONoPkp5XIuw3tZ1GzrNKZ,0.489,0.364,2,-10.672,1,0.03,0.572,0,0.108,0.377,135.352
290,More Like Her,Miranda Lambert,4,6vMiU1tMnWXkWlmMWjX6ZN,0.556,0.393,11,-6.589,1,0.025,0.238,0,0.0979,0.213,132.746
291,my gift of silence,Blackfield,4,2lW2hWO7Xw1ADSUp50w9b5,0.35,0.518,1,-7.451,0,0.033,0.339,0.381,0.0893,0.203,129.987
292,My Love,Lene Marlin,4,6mdNAmgPootUGlAj5nJP65,0.585,0.265,6,-11.14,0,0.033,0.935,0.00448,0.251,0.156,116.044
293,My Name Is Trouble,Keren Ann,4,5o5w6VHcA2LMrwQ15ish3V,0.58,0.605,1,-10.359,1,0.0296,0.102,0.642,0.197,0.42,114.947
294,Never Gonna Love Again,Lykke Li,4,260P406V4ys84uDOFGfcMA,0.374,0.681,2,-4.159,1,0.0344,0.428,0.103,0.0947,0.179,145.959
295,Never Grow Up,Taylor Swift,4,74WBGgUnpKrJXt6TETfR6Z,0.714,0.305,2,-8.837,1,0.0305,0.819,0,0.174,0.554,124.91
296,Nicest Thing,Kate Nash,4,43YJuMTeTEV5FyjVfBqwyf,0.536,0.314,11,-11.235,0,0.0299,0.686,0.000865,0.191,0.367,109.857
297,No Promises,Shayne Ward,4,1dN8aTzgrLequh5j58spKA,0.368,0.216,4,-10.392,1,0.0304,0.945,2.22E-06,0.126,0.328,77.51
298,No Tears,James Blunt,4,49v1FTCFjK5zl17T1xWlGm,0.549,0.518,7,-7.306,0,0.0259,0.0772,1.31E-06,0.0958,0.227,135.056
299,Not In Love,Enrique Iglesias,4,2AK3dco5MkBUMeG8iVI5iY,0.754,0.929,0,-3.64,0,0.0415,0.00805,6.51E-06,0.0439,0.846,117.028
300,Nothing Compares,Pixie Lott,4,6iq27lWBX3zvaX1ank9M2V,0.594,0.468,11,-6.656,1,0.0353,0.0719,0,0.123,0.365,135.871
301,One Love,Blue,4,4JkKXuKp2RdbE5M7L4z19Z,0.555,0.468,9,-7.64,1,0.0592,0.399,0,0.172,0.41,113.345
302,One More Chance,Will.i.am,4,3DkKENteaBieeC0t5FouLb,0.785,0.664,7,-6.819,0,0.0515,0.111,0,0.585,0.573,108.997
303,One Time,Justin Bieber,4,23DZtpfPmhgahwnh3pX90b,0.689,0.851,1,-2.527,0,0.037,0.0803,0.000102,0.0848,0.759,145.97
305,Parisienne Moonlight,Anathema,4,0U2VLsm3QTfqGn2GTuGNPh,0.446,0.452,2,-7.832,0,0.0288,0.326,7.68E-05,0.293,0.351,169.922
306,Philadelphia,NEIL YOUNG,4,0iOammhowtz89ba0i6QRIJ,0.258,0.0175,5,-21.985,1,0.0375,0.993,0.718,0.0625,0.153,75.466
307,Pink Rabbits,The National,4,193ZaXTaD0dPz66pUYS3SQ,0.501,0.657,9,-7.332,1,0.0443,0.789,0.0997,0.0908,0.282,110.11
308,"Please, Please, Please Let Me Get What I Want",The Smiths,4,6BrMEbPSSj55nQhkgf6DnE,0.241,0.468,2,-9.579,1,0.0272,0.534,0,0.161,0.451,91.581
309,Polly,Keren Ann,4,0RxOxgRPT8168BIIjW2yPm,0.613,0.33,5,-15.728,1,0.0321,0.828,0.00732,0.283,0.22,114.132
310,Red,Taylor Swift,4,0cITLOYn1Sv4q27zZPqlNK,0.602,0.896,1,-4.267,0,0.0437,0.0773,8.87E-05,0.091,0.641,124.978
311,Remember The Day,Animal Alpha,4,7yXR5wJJ149XO2Y7BWHgkF,0.224,0.0391,6,-24.681,1,0.0373,0.969,0.0172,0.241,0.0376,144.733
312,Restless,Alison Krauss & Union Station,4,2Id6ySo7TSbqQpZmhAR4Fh,0.449,0.475,2,-9.228,1,0.0313,0.741,7.26E-06,0.211,0.533,171.896
313,Sad Eyes,Bat For Lashes,4,5MsHuX7khxQ4v1B90A4XWb,0.384,0.169,0,-13.587,1,0.0338,0.872,5.22E-05,0.132,0.188,139.088
314,Say Goodbye,Katharine Mcphee,4,1tGijUW6yXsHb5W7YEfMi2,0.278,0.304,2,-6.5,1,0.0324,0.838,7.35E-05,0.142,0.188,71.526
315,Seventeen,Keren Ann,4,2MHLF1mrNQYZvjcknCXDEN,0.558,0.316,2,-11.814,0,0.0288,0.68,0.0971,0.111,0.431,104.971
316,Shadow,Britney Spears,4,4XEQZ9OqZb6xLxKsFppO3K,0.314,0.66,5,-7.182,0,0.0439,0.0509,0,0.0928,0.239,141.121
317,Shape Of My Heart,Backstreet Boys,4,35o9a4iAfLl5jRmqMX9c1D,0.575,0.786,9,-4.353,1,0.0296,0.252,0,0.159,0.518,96.102
318,Shape Of My Heart,Sting,4,6CKoWCWAqEVWVjpeoJXyNH,0.537,0.373,6,-10.081,0,0.0331,0.691,0.000915,0.083,0.244,83.936
319,Shattered,trading yesterday,4,2jFus6Szb29hhxJ2juhQjS,0.477,0.263,5,-10.679,1,0.027,0.355,0.000573,0.116,0.221,81.974
320,She Will Be Loved,Maroon 5,4,0KjeZmUXdUSHcUB0QKks1U,0.629,0.491,11,-9.28,0,0.0308,0.491,2.51E-06,0.693,0.548,98.1
321,Shelter,Birdy,4,75HUxEyYVoVnO4ZfAU9dfp,0.418,0.196,6,-10.435,1,0.0317,0.983,0.000151,0.108,0.261,79.462
322,Silent Night,Taylor Swift,4,1cJkUN5LAotktryx2nPCr7,0.423,0.311,7,-7.581,1,0.0319,0.621,0,0.0987,0.134,119.546
323,Skipalong,Lenka,4,36OWcdFqjTuWZEP7qsxvXw,0.665,0.427,11,-7.807,1,0.0298,0.307,1.92E-05,0.107,0.477,130.077
324,Sometimes I Feel So Lonely,Primal Scream,4,4AjUg9dkevkmVobSzpcvcc,0.399,0.636,2,-5.88,1,0.0264,0.00349,4.50E-06,0.0704,0.45,82.988
325,Song To The Siren,John Frusciante,4,5W66UTI9jJYacqKP93D6Dc,0.186,0.0449,10,-20.632,1,0.0364,0.915,0.0155,0.121,0.0512,93.44
326,Stranger,Noah And The Whale,4,77AFZHtk69dNNlgTsd3Kst,0.613,0.339,1,-12.214,1,0.0251,0.518,0.00631,0.129,0.177,95.968
328,Summertrain,Greyson Chance,4,0RCgSTkAbohhqEXVxkwBI0,0.607,0.737,6,-4.439,1,0.0263,0.109,0,0.153,0.509,111.653
329,Sunrise,Norah Jones,4,7zkLpY72g6lKQbiHDqri1S,0.526,0.299,8,-13.797,1,0.031,0.941,0.097,0.106,0.679,156.848
330,Take This Heart Of Mine,Marvin Gaye,4,2U3WfKjREsJWpByzvNhCct,0.532,0.636,5,-9.959,1,0.0431,0.769,0,0.536,0.848,92.666
331,Temptation,Moby,4,7wPveg3R4nrccp8ZBtUFwb,0.605,0.108,2,-14.752,1,0.0337,0.598,0.000303,0.0978,0.379,89.984
332,That Year,Brandi Carlile,4,5RtIFveFctGcvO1J9wVStV,0.551,0.284,4,-11.05,1,0.041,0.908,0.0002,0.175,0.228,173.945
333,The A Team,Ed Sheeran,4,1VdZ0vKfR5jneCmWIUAMxK,0.642,0.289,9,-9.918,1,0.0367,0.669,0,0.18,0.407,84.996
334,The Blower'S Daughter,Damien Rice,4,4B2lJinAkeNLSJjcq3dg8Q,0.342,0.2,4,-13.569,1,0.0324,0.134,0.000153,0.341,0.0743,133.113
335,The Chosen Pessimist,In Flames,4,5fkbfFNVHAhLqQ008eUlOD,0.527,0.667,5,-6.24,0,0.0357,0.0403,0.264,0.611,0.127,110
336,The Day Before The Day,Dido,4,0BYxTlwhnoqEj5if8CDIVc,0.266,0.0947,3,-21.728,0,0.0396,0.934,0.0786,0.115,0.29,199.181
337,The Day You Went Away,M2M,4,1rYYJVlUV2EcgehVUnwJvy,0.511,0.734,11,-6.789,0,0.0297,0.0495,9.93E-06,0.299,0.801,188.216
338,The First Days Of Spring,Noah And The Whale,4,1UeCBCLyF7DGFk2pfiEk34,0.168,0.543,0,-9.485,1,0.0387,0.00398,0.485,0.0946,0.15,177.753
339,The Forgotten,Green Day,4,1Of1g1PMt1wKW1L4Te6oDM,0.534,0.425,9,-5.917,1,0.0272,0.128,0,0.14,0.0742,132.041
341,The Moment I Knew,Taylor Swift,4,5AsmAjBSSQjRPWgAYIp8tm,0.62,0.506,7,-7.327,1,0.0312,0.187,1.47E-05,0.102,0.275,126.015
342,The One That Got Away,Katy Perry,4,3oL3XRtkP1WVbMxf7dtTdu,0.687,0.792,1,-4.023,0,0.0353,0.000802,0,0.2,0.864,133.962
343,The Scientist,Coldplay,4,75JFxkI2RXiU7L9VXzMkle,0.56,0.442,5,-7.224,1,0.0243,0.727,1.71E-05,0.11,0.212,146.448
344,The World As I See It,Jason Mraz,4,2ORU4XRGqFjPB2mTft0VPj,0.574,0.749,10,-7.011,1,0.0315,0.163,0,0.144,0.466,119.015
345,The Worry List,Blue October,4,6DPD1jGICws1qaohH9dddI,0.484,0.425,7,-11.836,1,0.0454,0.621,0.000705,0.0917,0.426,84.677
346,These Four Walls,Shawn Colvin,4,6j59MX3dLBBtmq2DS7C4op,0.694,0.695,7,-5.615,1,0.0308,0.317,1.60E-06,0.108,0.642,124.964
347,This New Heartache,Vince Gill,4,2r0mi6Ws0qoC7jxDvxd8YQ,0.598,0.574,4,-7.734,1,0.0265,0.0882,0.000282,0.0984,0.728,110.908
349,Time To Carry On,Vince Gill,4,0Ngna5xhONWIic496rgwD8,0.589,0.381,7,-8.216,1,0.0259,0.709,0.000341,0.121,0.261,134.985
350,To Blossom Blue,Lake Of Tears,4,0kmwnmANn1ds5clFxVaiXJ,0.617,0.426,7,-10.099,1,0.0302,0.07,0.0444,0.0837,0.136,119.549
351,Twilight Innocence,Novembers Doom,4,5zHi8RJhWjpzhqvobwGuZM,0.587,0.396,9,-11.222,0,0.0295,0.739,0.000342,0.106,0.11,120
352,U-Turn (Lili),Aaron,4,7FFZNqn3N5TISP4DyqeIVC,0.623,0.547,0,-7.193,1,0.0251,0.395,0.000221,0.263,0.153,75.002
353,Undenied,Portishead,4,25G1w3E4OMrovtPE5F510g,0.241,0.281,0,-8.726,1,0.0416,0.45,6.82E-06,0.0937,0.0321,222.605
354,Unfold,The XX,4,39er5vmZ8JXatAKaLaplkl,0.259,0.25,2,-20.716,1,0.0518,0.829,0.242,0.112,0.0789,199.768
355,Untouchable,Taylor Swift,4,2IZ00ed83ygPIiacYScWUE,0.419,0.454,5,-6.809,1,0.0335,0.0583,3.78E-06,0.0974,0.288,200.017
356,Unwritten,Natasha Bedingfield,4,1D1nixOVWOxvNfWi0UD7VX,0.706,0.801,5,-6.333,1,0.0399,0.00577,0,0.0822,0.63,100.013
357,Vanilla Twilight,Owl City,4,0vCTQcxSGAgjHaiAsIANKn,0.582,0.529,11,-7.637,1,0.0248,0.00961,0.000554,0.113,0.567,166.134
358,What He Wrote,Laura Marling,4,2LgNyFGJvfJik5sNV37DKa,0.458,0.0987,9,-16.021,0,0.0376,0.948,0.00954,0.109,0.349,139.987
360,Whataya Want From Me,Adam Lambert,4,2rDwdvBma1O1eLzo29p2cr,0.44,0.683,11,-4.732,0,0.0489,0.00706,0,0.0593,0.445,185.948
361,When You'Re Gone,Avril Lavigne,4,54JKnDB3CzVu8wNAOM27BI,0.458,0.719,4,-3.921,0,0.0323,0.189,0,0.228,0.168,142.032
362,Where Are You Now,Britney Spears,4,4MOBPIIRUgHTBAp0NpgLTm,0.636,0.489,9,-8.098,1,0.0263,0.337,0,0.291,0.297,125.616
363,Whiskey Lullaby,"Alison Krauss,Brad Paisley",4,4G2npa34uNpY4IOnAhA02K,0.565,0.258,11,-12.929,0,0.032,0.442,0,0.142,0.173,73.969
364,Wild World,Mr. Big,4,2kj5f1eRhUFhW6K0qUwoD8,0.573,0.722,5,-6.518,1,0.0295,0.182,0,0.29,0.59,144.209
365,Wise Up,Aimee Mann,4,5hUWvHrxArc3IbbF2UIpjg,0.341,0.528,7,-9.341,1,0.0383,0.593,0.00774,0.77,0.134,140.26
366,With Him,Babyface,4,5mM4ayF1SYuTjU3ZYNYD5J,0.658,0.347,9,-4.53,1,0.0361,0.194,3.10E-05,0.0899,0.125,76.093
367,You Give Me Something,James Morrison,4,28euH5Ny1JXxZAt2KjWp62,0.559,0.671,7,-7.109,1,0.1,0.21,0,0.0869,0.577,79.493
368,You Know What,Craig David,4,5NnvHxkmeVf6PDKbx8Tm0s,0.759,0.631,10,-8.083,0,0.124,0.305,0,0.058,0.887,85.976
369,You Stole,Brand New,4,3E9It65dQyz5YfwhUndjoz,0.601,0.465,9,-5.553,0,0.0292,0.0868,0.463,0.057,0.137,100.004
371,Zombie,The Cranberries,4,2IZZqH4K02UIYg5EohpNHF,0.307,0.635,7,-8.957,1,0.0339,0.0154,0.00483,0.366,0.304,166.973